{"cameraMode":{"drawMode":0,"name":"Shaded","section":"Shading Mode"},"sceneLighting":true,"audioPlay":false,"sceneViewState":{"m_AlwaysRefresh":false,"showFog":true,"showSkybox":true,"showFlares":true,"showImageEffects":true,"showParticleSystems":true,"showVisualEffectGraphs":true,"m_FxEnabled":true},"in2DMode":false,"pivot":{"x":-1.3081762790679932,"y":-2.6090657711029054,"z":12.615177154541016},"rotation":{"x":-0.1838441789150238,"y":-0.20963193476200105,"z":0.04025345295667648,"w":-0.9596024751663208},"size":14.959385871887207,"orthographic":false}