{"cameraMode":{"drawMode":0,"name":"Shaded","section":"Shading Mode"},"sceneLighting":true,"audioPlay":false,"sceneViewState":{"m_AlwaysRefresh":false,"showFog":true,"showSkybox":true,"showFlares":true,"showImageEffects":true,"showParticleSystems":true,"showVisualEffectGraphs":true,"m_FxEnabled":true},"in2DMode":false,"pivot":{"x":-0.09044566005468369,"y":0.08664000034332276,"z":0.015222335234284401},"rotation":{"x":-0.266934871673584,"y":-0.2900245785713196,"z":0.08459381759166718,"w":-0.9151505827903748},"size":1.5208660364151,"orthographic":false}