{"cameraMode":{"drawMode":0,"name":"Shaded","section":"Shading Mode"},"sceneLighting":true,"audioPlay":false,"sceneViewState":{"m_AlwaysRefresh":false,"showFog":true,"showSkybox":false,"showFlares":true,"showImageEffects":true,"showParticleSystems":true,"showVisualEffectGraphs":true,"m_FxEnabled":true},"in2DMode":false,"pivot":{"x":-0.09044565260410309,"y":0.08664000034332276,"z":0.015222325921058655},"rotation":{"x":-0.2919508218765259,"y":0.6176908612251282,"z":-0.2650339901447296,"w":-0.6804410815238953},"size":1.2092194557189942,"orthographic":false}